{
    "Christian Brothers": 3148.9045071293253,
    "Cornell": 3089.316940167744,
    "Stonehill": 3084.3304054995365,
    "Angelo St.": 3078.066577466319,
    "Iowa": 3067.8371522164857,
    "Washington St.": 3048.836374848292,
    "Vanguard ": 3040.0989954011266,
    "Eastern Mich.": 2993.523415551478,
    "Eastern Ill.": 2989.3485785918465,
    "Oakland": 2981.920846691168,
    "UIC": 2957.415426199822,
    "Minnesota": 2952.4577740194995,
    "Milwaukee": 2950.806368606658,
    "Tex. Permian Basin": 2930.472936399406,
    "McKendree": 2896.8940702345785,
    "Indiana (PA)": 2854.461190510697,
    "Lehigh": 2836.778970472459,
    "Johns Hopkins": 2829.266692041487,
    "Endicott": 2828.1942683082607,
    "Denison": 2826.701179853778,
    "Baldwin Wallace": 2826.1017441457093,
    "SIUE": 2820.610197968029,
    "Salisbury": 2818.992769663182,
    "Southwest Minn. St.": 2815.59136975376,
    "Lynchburg": 2804.9676889809543,
    "Birmingham-So.": 2791.9082099808015,
    "East Tex. Baptist": 2791.4552650243504,
    "Southeastern Okla.": 2782.1319999908455,
    "Chris. Newport": 2781.627041232749,
    "Shenandoah": 2779.653242021021,
    "Aurora": 2778.376259465717,
    "La Verne": 2772.526565441094,
    "Wis.-La Crosse": 2763.526202399162,
    "Wis.-Whitewater": 2763.0644823668804,
    "Salve Regina": 2762.1511240537848,
    "Pacific (OR)": 2756.4003149688324,
    "Claremont-M-S": 2754.764863292568,
    "Maine": 2754.013432008744,
    "Willamette": 2752.1827273101444,
    "Cal Lutheran": 2746.9461033463695,
    "Marietta": 2746.736112746239,
    "Wis.-Stevens Point": 2746.6793724311997,
    "Western Ore.": 2744.1035500232965,
    "Misericordia": 2734.4786785994847,
    "Wheaton (MA)": 2734.404522697456,
    "Trinity (TX)": 2732.752253330137,
    "Pomona-Pitzer": 2732.2756425799535,
    "N.C. Wesleyan": 2727.62090856353,
    "CWRU": 2726.3014715497934,
    "Chapman": 2726.19778297037,
    "Rhodes": 2723.748834579519,
    "Tufts": 2723.6325052735942,
    "Cortland": 2723.402094348321,
    "LaGrange": 2719.917152336683,
    "Randolph-Macon": 2718.7137632567947,
    "Buena Vista": 2716.557711993066,
    "Hendrix": 2712.8431514821605,
    "Centre": 2712.8108856594163,
    "Emory": 2712.502851668678,
    "Lewis & Clark": 2710.87824173897,
    "Berry": 2710.8366953565305,
    "Montclair St.": 2709.032057761654,
    "Eastern Conn. St.": 2706.45561407158,
    "WashU": 2699.313037559616,
    "Saint Martin's": 2698.488580012532,
    "Arcadia": 2698.254519678306,
    "Piedmont": 2696.48743249542,
    "Rowan": 2695.0552936460426,
    "Benedictine (IL)": 2694.1948142380584,
    "Spalding": 2692.952324718819,
    "Wittenberg": 2691.0957322465074,
    "Whitman": 2690.3999177033347,
    "Penn St. Harrisburg": 2686.572904644596,
    "Otterbein": 2684.0558543064753,
    "Wis.-Oshkosh": 2681.6605664791223,
    "Augustana (IL)": 2676.3731853646304,
    "Middlebury": 2675.869539342113,
    "Mary Washington": 2671.6749898627386,
    "Texas-Dallas": 2671.5126119787155,
    "Colby": 2671.507464372857,
    "Catholic": 2666.4176720288797,
    "Ithaca": 2665.0490309937145,
    "Huntingdon": 2664.9539735501367,
    "Texas Lutheran": 2664.902614905825,
    "Roanoke": 2662.6572347919514,
    "Bethel (MN)": 2662.251958219046,
    "Maryville (TN)": 2659.290071313516,
    "Mitchell": 2659.109242378898,
    "Webster": 2658.4079734566267,
    "George Fox": 2654.96442520113,
    "Elizabethtown": 2653.393790312208,
    "Southwestern (TX)": 2652.6227592300797,
    "Lindenwood": 2650.8735167507893,
    "Puget Sound": 2649.5818316291166,
    "Mount Union": 2647.976282387969,
    "Coe": 2646.3843847428548,
    "Adrian": 2645.5206630206144,
    "Whitworth": 2643.4238088203083,
    "Pacific Lutheran": 2642.283363525663,
    "Centenary (LA)": 2642.2699814921407,
    "Loras": 2641.9249179979624,
    "Kalamazoo": 2641.7297830778766,
    "Scranton": 2638.687226108432,
    "Belhaven": 2637.2246888634054,
    "Immaculata": 2636.736689471367,
    "Wash. & Jeff.": 2635.628175078345,
    "Concordia (TX)": 2635.439987438244,
    "Dubuque": 2634.7474124384707,
    "Millikin": 2634.0941788607242,
    "Transylvania": 2632.726900300991,
    "Redlands": 2632.267062957211,
    "Babson": 2630.6521923032856,
    "Linfield": 2624.75132923722,
    "Kean": 2623.1045451757245,
    "TCNJ": 2620.345864488105,
    "Methodist": 2619.966136118704,
    "Marymount (VA)": 2618.5483505664797,
    "Amherst": 2618.023222572579,
    "UMass Boston": 2617.357509766,
    "North Central (IL)": 2617.310613420786,
    "Dickinson": 2616.481072405522,
    "Luther": 2616.3614956895694,
    "JWU (Providence)": 2614.7322918447735,
    "Franklin": 2610.4694671517914,
    "Ohio Northern": 2610.009880276228,
    "Wabash": 2608.8938202451463,
    "Gust. Adolphus": 2606.7111860011014,
    "Millsaps": 2606.5584058303702,
    "Heidelberg": 2605.8790849683032,
    "John Carroll": 2605.750062501003,
    "Lebanon Valley": 2605.010790040681,
    "Trinity (CT)": 2604.6260309390113,
    "SUNY Brockport": 2600.7133484382402,
    "Stevens": 2600.6274193431173,
    "Swarthmore": 2599.8681249170068,
    "Bridgewater (VA)": 2599.5902442155016,
    "Mary Hardin-Baylor": 2598.2639551920543,
    "Rutgers-Camden": 2597.4688943424626,
    "Wooster": 2597.3204709097413,
    "Rhode Island Col.": 2596.513555075958,
    "Whittier": 2596.3350988652783,
    "Fairleigh Dickinson-FDU": 2596.3328337777134,
    "Pfeiffer": 2595.442801316487,
    "Covenant": 2594.1571820853137,
    "MSOE": 2593.109705659829,
    "Beloit": 2592.6372202021566,
    "Messiah": 2589.1551697940968,
    "Franklin & Marshall": 2587.325086974799,
    "Oswego St.": 2587.2041433007294,
    "Susquehanna": 2586.9657973564267,
    "Kenyon": 2586.321578288045,
    "York (PA)": 2585.8126560021396,
    "Rochester (NY)": 2582.6374646878685,
    "Rose-Hulman": 2581.0306595480292,
    "Sewanee": 2579.0554469172926,
    "Wash. & Lee": 2578.328048771819,
    "Hanover": 2576.672203360588,
    "Wm. Paterson": 2575.8043339377377,
    "Stockton": 2572.6555824016123,
    "Guilford": 2571.619539687342,
    "Alvernia": 2571.282441736636,
    "Ramapo": 2571.248388985913,
    "Keystone": 2570.775124934103,
    "Alma": 2569.365616668023,
    "Greensboro": 2566.999473573962,
    "Hardin-Simmons": 2566.8150720745098,
    "Hampden-Sydney": 2566.615180722468,
    "Brevard": 2566.4673348760152,
    "Saint John's (MN)": 2565.9990121471246,
    "Ill. Wesleyan": 2565.6939097617233,
    "St. Thomas (TX)": 2564.3283212971896,
    "NYU": 2559.7682933474557,
    "Western New Eng.": 2558.622470113794,
    "Muskingum": 2557.8496717533335,
    "Edgewood": 2557.8323138044725,
    "Kentucky St.": 2557.134599263124,
    "Asbury": 2556.987394648956,
    "Grove City": 2556.5789597318753,
    "Oglethorpe": 2556.032954552301,
    "Anderson (IN)": 2555.3778899603126,
    "DeSales": 2548.761393122575,
    "St. Joseph's (L.I.)": 2547.4083465921644,
    "Wesleyan (CT)": 2546.796499970305,
    "Cabrini": 2544.226329691862,
    "MIT": 2543.5481216078506,
    "Haverford": 2541.309855004457,
    "Allegheny": 2540.0833054332747,
    "William Peace": 2539.4163368558284,
    "UChicago": 2539.3342718995787,
    "Wartburg": 2537.7074270560643,
    "Maryville (MO)": 2536.942960233147,
    "Hope": 2535.71030501617,
    "Wis.-Parkside": 2534.016886239353,
    "Rensselaer": 2533.4695039463836,
    "Ohio Wesleyan": 2532.887042958278,
    "North Park": 2532.6290530799765,
    "McDaniel": 2531.259972797348,
    "LeTourneau": 2530.553657479946,
    "St. John Fisher": 2528.489968041378,
    "Wilson": 2527.704818150753,
    "St. Olaf": 2527.670884396979,
    "Southern Me.": 2527.6310395884116,
    "Roger Williams": 2527.2010030499564,
    "Bethany Lutheran": 2525.5166196724135,
    "McMurry": 2524.501515484065,
    "Dallas": 2523.571827633096,
    "DePauw": 2523.16360260497,
    "Howard Payne": 2521.5456631039706,
    "RIT": 2521.13220734828,
    "Widener": 2520.649073142425,
    "Gustavus Adolphus": 2519.2682479231094,
    "Bates": 2517.210926401552,