{
    "Middlebury": 3816.3781413667516,
    "Tufts": 3597.4120685409202,
    "Wesleyan (CT)": 3579.6760206238914,
    "Wash. & Lee": 3517.4008249092244,
    "William Smith": 3517.117535056467,
    "Salisbury": 3500.732002592152,
    "Colby": 3483.275897983272,
    "Gettysburg": 3482.5781617463877,
    "Franklin & Marshall": 3479.5405220044595,
    "Lee": 3410.1943723399786,
    "Alabama Huntsville": 3410.09641218442,
    "York (PA)": 3370.048224738385,
    "Williams": 3347.7804970930515,
    "Amherst": 3344.6582838038134,
    "TCNJ": 3333.212092362755,
    "Trinity (CT)": 3328.552846398854,
    "Roanoke": 3290.116858215174,
    "Pomona-Pitzer": 3287.395010495153,
    "MIT": 3244.5519778855746,
    "Stevens": 3239.2634605417447,
    "Haverford": 3230.352922092714,
    "Bowdoin": 3229.9368395260226,
    "Hamilton": 3215.4882390800267,
    "Babson": 3208.2359347744855,
    "Chris. Newport": 3204.853660647469,
    "Ithaca": 3190.341438454383,
    "Messiah": 3161.615625424363,
    "Connecticut Col.": 3147.703725681477,
    "Shenandoah": 3139.1908250914626,
    "UChicago": 3127.2125437649365,
    "Washington Col.": 3126.7425142136153,
    "St. John Fisher": 3124.9768580844466,
    "Cortland": 3106.9998403629647,
    "Catholic": 3105.9071025977078,
    "Dickinson": 3093.1507496171366,
    "SUNY Geneseo": 3091.5679820354862,
    "Muhlenberg": 3089.466260087957,
    "Denison": 3089.1583542171834,
    "Colorado Col.": 3078.6149542483545,
    "Union (NY)": 3071.8688636400534,
    "Scranton": 3070.545810711952,
    "Kenyon": 3063.5007323374616,
    "Mary Washington": 3049.590869740703,
    "Roger Williams": 3045.1045969754327,
    "Rensselaer": 3039.8203824260945,
    "Cabrini": 3039.034866032658,
    "Bates": 3037.8387254679665,
    "Claremont-M-S": 3029.732370380337,
    "Springfield": 3024.8815934831173,
    "St. Lawrence": 3018.31012480513,
    "Rowan": 3014.4235478398846,
    "St. Mary's (MD)": 2987.76865402566,
    "Rhodes": 2985.404042152194,
    "Stockton": 2974.50353840355,
    "Endicott": 2972.660478886423,
    "Westfield St.": 2957.9216773976786,
    "Skidmore": 2956.173526282674,
    "Rochester (NY)": 2956.0546913715884,
    "Swarthmore": 2954.337531006738,
    "Ursinus": 2933.2251204057784,
    "Stevenson": 2928.1113397424338,
    "Clarkson": 2927.493119037154,
    "Moravian": 2927.4691975815267,
    "Juniata": 2919.609694979065,
    "Widener": 2911.0389030521496,
    "Coast Guard": 2878.6749568582936,
    "Ohio Wesleyan": 2875.038672632936,
    "WestConn": 2872.9173521371486,
    "Susquehanna": 2871.007776716259,
    "Randolph-Macon": 2867.8766250710396,
    "SUNY Brockport": 2862.5251898799893,
    "Oswego St.": 2854.9771698351365,
    "Vassar": 2854.911253943113,
    "Capital": 2844.149321159899,
    "Mount Union": 2833.1398589504893,
    "George Fox": 2826.2343584497467,
    "DePauw": 2818.5346239784317,
    "SUNY New Paltz": 2817.9068326566317,
    "Merchant Marine": 2807.548418381878,
    "RIT": 2806.534239325638,
    "Nazareth": 2801.0977116975328,
    "Lynchburg": 2779.4428459558208,
    "Drew": 2776.321889585955,
    "Utica": 2773.060041960182,
    "Wooster": 2772.855652800232,
    "Chapman": 2770.4703375181134,
    "Meredith": 2768.9100402055005,
    "Framingham St.": 2761.8503672638976,
    "Misericordia": 2754.446642912605,
    "McDaniel": 2753.067164970311,
    "Plymouth St.": 2752.589465584175,
    "Northern Mich.": 2741.7098548087624,
    "Carroll (WI)": 2736.7390820693895,
    "Lebanon Valley": 2734.199819551331,
    "Smith": 2727.7195389340745,
    "JWU (Providence)": 2712.7350045345556,
    "Wheaton (MA)": 2710.075689978636,
    "Hope": 2706.804110761826,
    "Western New Eng.": 2703.033052199098,
    "Lewis": 2702.943095836988,
    "Marymount (VA)": 2697.499916979794,
    "Shorter": 2696.3043647365403,
    "Berry": 2695.9877186352637,
    "Wash. & Jeff.": 2681.0327157752945,
    "Montevallo": 2664.213554972994,
    "Hartwick": 2663.556017230276,
    "FDU-Florham": 2657.277489948485,
    "SUNY Oneonta": 2647.7582534923918,
    "Kean": 2640.4511568362395,
    "Marywood": 2638.438467523894,
    "Oglethorpe": 2637.580096588589,
    "Albright": 2635.280477617512,
    "Montclair St.": 2634.191162564233,
    "SUNY Maritime": 2632.6232557162043,
    "Davis & Elkins": 2625.85211696618,
    "Salve Regina": 2620.8942395945915,
    "Aurora": 2620.4014852445807,
    "Daemen": 2619.938687739313,
    "Bridgewater (VA)": 2618.5222414031377,
    "UW-River Falls": 2617.70944190856,
    "Oberlin": 2617.6415267737193,
    "Otterbein": 2614.906974113801,
    "Fort Lewis": 2612.9918128269937,
    "Hood": 2611.3512998789693,
    "DeSales": 2608.9412067406042,
    "Alvernia": 2607.928565268663,
    "Willamette": 2593.178792183704,
    "Sewanee": 2592.299492572238,
    "Southwestern (TX)": 2591.0228474791643,
    "Worcester St.": 2590.9834127033246,
    "Lycoming": 2585.9734435415926,
    "Arcadia": 2584.7790402465594,
    "St. Joseph's (ME)": 2583.7447104342245,
    "Occidental": 2581.5744700060623,
    "Neumann": 2577.7442017755125,
    "Bridgewater St.": 2577.2506621688854,
    "John Carroll": 2576.5987510781074,
    "Keene St.": 2572.117879948019,
    "Allegheny": 2570.8376619499436,
    "Plattsburgh St.": 2567.9900889490546,
    "Centre": 2566.638399794784,
    "Medaille": 2554.8861522205575,
    "Carthage": 2545.4520275370437,
    "Methodist": 2538.2545480582035,
    "Southern Me.": 2533.8662619028228,
    "Southern Va.": 2523.342553658027,
    "Transylvania": 2519.599984020192,
    "Wilmington (DE)": 2517.2822251881794,
    "Wis.-La Crosse": 2516.3152676756067,
    "U New England": 2515.579456854344,
    "Emmanuel (MA)": 2515.316406331616,
    "Elizabethtown": 2514.5627075014163,
    "Bryn Athyn": 2506.2945449062495,
    "SUNY Canton": 2501.6945968375694,
    "Buffalo St.": 2501.434992830783,
    "Baldwin Wallace": 2490.7893259177076,
    "Eastern Conn. St.": 2490.5366952156432,
    "Hartford": 2480.733234037931,
    "Farmingdale St.": 2477.4689336760134,
    "Whitman": 2477.3939731008522,
    "Dominican": 2472.1509113348106,
    "Immaculata": 2471.684044342182,
    "Wis.-Eau Claire": 2467.503058244688,
    "Lake Forest": 2466.9291011788437,
    "Simmons": 2466.6064241461254,
    "Bryn Mawr": 2464.779709373589,
    "Marietta": 2461.158309522363,
    "Piedmont": 2459.211637784234,
    "St. Joseph's (L.I.)": 2453.2533743527038,
    "Nichols": 2437.2366297534363,
    "Ill. Wesleyan": 2425.5882787190553,
    "Ohio Northern": 2425.3197290953526,
    "Saint Benedict": 2416.5036765912305,
    "Charleston (WV)": 2408.210934167046,
    "Redlands": 2406.0854747318613,
    "Chatham": 2404.4227393403658,
    "Alma": 2398.7871173196368,
    "Va. Wesleyan": 2397.9803332588754,
    "Fredonia": 2397.3658060014313,
    "Manhattanville": 2395.657376610499,
    "Calvin": 2394.367935648673,
    "Thomas More": 2388.8163985882693,
    "Grove City": 2381.1471188296723,
    "Whittier": 2379.8907726430075,
    "St. Mary's (IN)": 2375.880494674928,
    "UMSV": 2375.2076819939643,
    "Concordia-St. Paul": 2362.6764747883294,
    "Colby-Sawyer": 2357.1030994310336,
    "Russell Sage": 2342.7360467158005,
    "Wilson": 2341.6459674286643,
    "Clark (MA)": 2338.5937694830986,
    "Kalamazoo": 2336.559168927464,
    "Goucher": 2334.780621785862,
    "Whitworth": 2332.1193746645704,
    "Thomas": 2323.6211834808532,
    "Averett": 2320.612673461697,
    "Mt. St. Mary (NY)": 2314.814270268824,
    "Trine": 2309.5862196219387,
    "Albion": 2303.1623836160616,
    "Wellesley": 2302.8257288514715,
    "Ramapo": 2300.3975227719993,
    "SUNY Potsdam": 2296.9322808134766,
    "Delaware Valley": 2294.843679167472,
    "UMass Dartmouth": 2291.684411712231,
    "SUNY Morrisville": 2283.4347804134145,
    "Northwestern-St. Paul": 2279.4428629701047,
    "Ferrum": 2268.529360571102,
    "Husson": 2267.4212937527254,
    "Norwich": 2264.010272763964,
    "Franciscan": 2259.9566510546847,
    "Saint Joseph (CT)": 2258.301661408817,
    "Cornell College": 2255.819559070642,