{
    "Texas Southern": 3202.703054375519,
    "Azusa Pacific": 3199.031804040912,
    "Vanguard ": 3143.973144818113,
    "Central Wash.": 3110.0682355329004,
    "Cornell": 3084.6092306430455,
    "Barton": 3066.157383014363,
    "Linfield": 3018.5352403901766,
    "Salisbury": 3014.7853626185556,
    "East Tex. Baptist": 2989.889030390215,
    "Trine": 2986.6570326739966,
    "Berry": 2953.5204236731943,
    "Saint Michael's": 2946.9117471809527,
    "Chris. Newport": 2920.2081997558284,
    "CWRU": 2918.3376109098167,
    "Portland St.": 2914.0138006326342,
    "Va. Wesleyan": 2902.287908202556,
    "Maine": 2896.682158531156,
    "UT Martin": 2895.1674320692705,
    "Fairmont St.": 2895.1315527985594,
    "Randolph-Macon": 2892.5560089797486,
    "Texas Lutheran": 2881.5189656140865,
    "Wis.-Oshkosh": 2879.5363210234996,
    "Tufts": 2863.699751295458,
    "Delaware St.": 2861.678733869257,
    "Mary Hardin-Baylor": 2851.70313597512,
    "Pfeiffer": 2850.2378689465972,
    "Belhaven": 2846.163072793777,
    "Coe": 2843.5579667871043,
    "Huntingdon": 2836.369408977895,
    "Rowan": 2836.11281520672,
    "Concordia Wisconsin": 2834.7226672899023,
    "Central (IA)": 2832.399841721192,
    "Bethel (MN)": 2825.7482031230625,
    "Redlands": 2810.1675283117233,
    "Roanoke": 2807.061566093123,
    "McMurry": 2801.3270446610777,
    "Transylvania": 2796.2116228263944,
    "Wis.-Whitewater": 2794.0422149553374,
    "Wis.-Stevens Point": 2793.353806119696,
    "Rochester (NY)": 2792.034812968937,
    "Chapman": 2790.735923040119,
    "Calvin": 2790.650792441032,
    "Thomas More": 2788.059784813901,
    "Mount Union": 2787.608635810408,
    "Hardin-Simmons": 2786.3762617180605,
    "Moravian": 2782.496511321996,
    "Rensselaer": 2781.267694610681,
    "Wartburg": 2780.735679226779,
    "St. Thomas (TX)": 2776.497880521682,
    "Claremont-M-S": 2774.683597217114,
    "Lebanon Valley": 2771.134853280726,
    "LeTourneau": 2764.4005041615937,
    "Lynchburg": 2762.080019139779,
    "WashU": 2760.8938317631273,
    "Ill. Wesleyan": 2756.4827049769283,
    "Birmingham-So.": 2756.3800321987555,
    "Luther": 2755.5568176418788,
    "Maryville (TN)": 2755.1245545024403,
    "Dominican (IL)": 2753.715218835887,
    "MIT": 2753.3549289820867,
    "Wis.-La Crosse": 2751.707729347161,
    "Pacific Lutheran": 2751.5606802439434,
    "Saint Benedict": 2745.753015745294,
    "TCNJ": 2745.4635331078293,
    "St. Mary's (TX)": 2741.33576918277,
    "Greensboro": 2736.3773929848658,
    "Hartford": 2735.3215629305987,
    "Williams": 2729.597028282743,
    "DePauw": 2727.002102093727,
    "Springfield": 2724.4725558528503,
    "Concordia (TX)": 2720.3840866645214,
    "Millikin": 2719.295504389654,
    "Pomona-Pitzer": 2719.180402263497,
    "UChicago": 2718.961259323733,
    "Texas-Dallas": 2715.6937510387606,
    "George Fox": 2713.811196843859,
    "Muskingum": 2712.273680932444,
    "Malone": 2709.1106060654465,
    "Brandeis": 2708.6375102340085,
    "Whittier": 2703.8872600786194,
    "Endicott": 2701.4228197209195,
    "Husson": 2697.6512540554904,
    "St. John Fisher": 2694.8646084294032,
    "Mt. St. Joseph": 2694.4870591727977,
    "Ramapo": 2693.521326000243,
    "Adrian": 2692.8461552205267,
    "Neb. Wesleyan": 2691.066301608175,
    "Lewis & Clark": 2688.775417009911,
    "Emory": 2686.739968054887,
    "Whitworth": 2685.275505236233,
    "Emmanuel (GA)": 2682.3392386078153,
    "Piedmont": 2681.620569508518,
    "Aurora": 2680.609898673794,
    "Simpson": 2680.468170161745,
    "Mansfield": 2679.892548564959,
    "Trinity (TX)": 2678.1097553244554,
    "Messiah": 2675.590878404628,
    "Chaminade": 2674.1924555521427,
    "Hawaii Pacific": 2674.1924555521427,
    "Baldwin Wallace": 2674.1377897400353,
    "Gettysburg": 2672.716375953603,
    "Eastern Conn. St.": 2671.9840393329573,
    "SUNY New Paltz": 2671.6608627430533,
    "Hiram": 2669.7658231834216,
    "Manhattanville": 2669.5057961694465,
    "Saint Mary's (MN)": 2668.7071324153108,
    "Converse": 2668.11370920492,
    "Fort Valley St.": 2668.0089491096614,
    "St. Olaf": 2665.3520840867714,
    "MSOE": 2665.0587954541857,
    "Wis.-Eau Claire": 2664.593634916793,
    "Loras": 2664.5740404963176,
    "Grinnell": 2661.247249034447,
    "Ithaca": 2659.830020289645,
    "Kean": 2657.5030422261575,
    "Eastern": 2657.0715566772383,
    "Cortland": 2655.9179213215443,
    "Franklin": 2654.7160319415034,
    "Babson": 2653.5292780585623,
    "UMass Dartmouth": 2653.346176752641,
    "La Verne": 2650.94978485513,
    "Swarthmore": 2650.1440624962283,
    "Hope": 2649.9490758592506,
    "Denison": 2649.216886973926,
    "Wis.-Platteville": 2647.6235115070454,
    "Cal Lutheran": 2646.4214373345853,
    "Colby": 2644.957761114254,
    "York (PA)": 2642.397899614157,
    "Stockton": 2642.06617418509,
    "Ohio Northern": 2641.832323485822,
    "Willamette": 2641.2499388558117,
    "N.C. Wesleyan": 2640.1560522393534,
    "Bridgewater (VA)": 2639.9949295398746,
    "Lincoln (MO)": 2637.6624945679223,
    "Carnegie Mellon": 2631.951088636815,
    "Guilford": 2629.2157335305305,
    "Penn St": 2623.282583229471,
    "Gustavus Adolphus": 2622.256729191637,
    "Misericordia": 2621.4942578092537,
    "Catholic": 2620.7494677492823,
    "Mary Washington": 2619.642247916265,
    "Roosevelt ": 2614.9732974588514,
    "Lake Forest": 2614.973290915869,
    "William Peace": 2614.9187702438157,
    "Sul Ross St.": 2612.935602957025,
    "Gust. Adolphus": 2612.7072811644907,
    "Southwestern (TX)": 2611.927288968903,
    "Lakeland": 2611.243203888126,
    "Marietta": 2610.7137552362337,
    "Western New Eng.": 2609.1608774441056,
    "Alfred": 2607.394895361033,
    "Middlebury": 2606.8340252943967,
    "Susquehanna": 2604.9628555218787,
    "Coast Guard": 2603.3671579797265,
    "Meredith": 2602.9462511014162,
    "Augustana (IL)": 2601.121914339782,
    "Bethany Lutheran": 2597.0353248714014,
    "WPI": 2596.3600133692426,
    "Howard Payne": 2595.3018751576246,
    "DeSales": 2594.3483733343983,
    "Westminster (PA)": 2593.3520640970096,
    "Alma": 2592.9100916433063,
    "Spalding": 2591.139300744695,
    "Hamilton": 2590.1270835381165,
    "Bowdoin": 2589.6077970139654,
    "Penn St.-Behrend": 2589.340021527935,
    "Drew": 2588.2372346171096,
    "Trinity (CT)": 2586.4435072041983,
    "Wheaton (MA)": 2585.8356451826503,
    "Washington Col.": 2585.5211766210145,
    "Benedictine (IL)": 2585.3514483589297,
    "Ursinus": 2584.8067998687206,
    "SUNY Geneseo": 2584.694485908695,
    "Randolph": 2584.2645593501716,
    "Mary Baldwin": 2582.104522925842,
    "Southern Me.": 2581.8452223837176,
    "Methodist": 2578.340313739634,
    "Edgewood": 2577.6854900570465,
    "Lycoming": 2575.1771216118004,
    "Muhlenberg": 2573.9978200209584,
    "Alvernia": 2573.484630508987,
    "Rhode Island Col.": 2572.666324618127,
    "Dickinson": 2571.827308784107,
    "North Central (IL)": 2570.8553790822857,
    "Wooster": 2570.2369869973663,
    "Wentworth": 2567.624545574674,
    "Farmingdale St.": 2567.477480898761,
    "Amherst": 2562.2186159123403,
    "Ohio Wesleyan": 2560.486544988819,
    "Juniata": 2560.0504751354224,
    "SUNY Oneonta": 2559.7794718123746,
    "Waynesburg": 2558.125417410566,
    "Shenandoah": 2557.4638183523775,
    "Macalester": 2556.6050643718045,
    "Marian (WI)": 2555.614460819055,
    "Wis.-Stout": 2554.329585733948,
    "Webster": 2554.145341827794,
    "Southern Va.": 2549.2075969818106,
    "St. Catherine": 2548.6289995223315,
    "Kalamazoo": 2543.4521603690378,
    "Cabrini": 2542.7267219190503,
    "Illinois Col.": 2542.592565996284,
    "Greenville": 2542.2878301466117,
    "Otterbein": 2541.162292809696,
    "Allegheny": 2540.9082275254364,
    "Framingham St.": 2539.749148821785,
    "Fontbonne": 2538.5652603758485,
    "Scranton": 2537.941778857799,
    "NYU": 2535.2594897064823,
    "UMass Boston": 2534.85820485749,
    "Penn College": 2533.359993809951,