{
    "Christian Brothers": 3129.876730318263,
    "Cornell": 3074.353354920133,
    "Angelo St.": 3063.833575530583,
    "Washington St.": 3055.3849515651737,
    "Stonehill": 3047.9653891497655,
    "Iowa": 3044.4527524637297,
    "Vanguard ": 3018.3331648650305,
    "Eastern Ill.": 2979.975567766092,
    "Purdue": 2979.6523738602536,
    "Eastern Mich.": 2979.2334821093896,
    "UIC": 2977.571562171437,
    "Oakland": 2974.9918380023546,
    "Milwaukee": 2972.35590334893,
    "Minnesota": 2969.625522803254,
    "Maryville (MO)": 2964.5815287554888,
    "Tex. Permian Basin": 2916.5213639114013,
    "Harding": 2904.961033490282,
    "Lehigh": 2849.532328588683,
    "Endicott": 2823.9007724983685,
    "Indiana (PA)": 2821.1136904611044,
    "Denison": 2816.2509202967003,
    "Salisbury": 2809.4414100023,
    "Johns Hopkins": 2804.994129438932,
    "McKendree": 2804.638899353738,
    "Baldwin Wallace": 2803.0974648553456,
    "Southwest Minn. St.": 2795.914776874613,
    "Southeastern Okla.": 2794.2239447901698,
    "East Tex. Baptist": 2790.3047207306463,
    "Birmingham-So.": 2786.371838400602,
    "Lynchburg": 2786.2681630530114,
    "Chris. Newport": 2777.445295294465,
    "SIUE": 2771.4002840678613,
    "La Verne": 2766.996740755156,
    "Salve Regina": 2756.7113663996834,
    "Wis.-Whitewater": 2753.6111341990145,
    "Shenandoah": 2752.5772294307217,
    "Claremont-M-S": 2750.232661276683,
    "Maine": 2746.9340221565067,
    "Wis.-La Crosse": 2745.9699126557334,
    "Western Ore.": 2742.8756314219377,
    "CWRU": 2740.6831510134666,
    "Cal Lutheran": 2739.0523909193093,
    "Pacific (OR)": 2738.9319083709233,
    "Aurora": 2734.896898356844,
    "Misericordia": 2732.6822106557884,
    "Pomona-Pitzer": 2729.1091711583294,
    "N.C. Wesleyan": 2726.4010156041772,
    "Marietta": 2725.8842362785163,
    "Willamette": 2723.3688419484733,
    "Trinity (TX)": 2722.618788236862,
    "Randolph-Macon": 2721.9354748352016,
    "Centre": 2716.5702080823376,
    "Saint Martin's": 2712.747674309094,
    "Chapman": 2709.909832811221,
    "Wis.-Stevens Point": 2709.603774488217,
    "Emory": 2709.5302258391703,
    "Arcadia": 2709.1231721882814,
    "Cortland": 2708.7659802308413,
    "Rhodes": 2704.4529822022137,
    "Wheaton (MA)": 2703.4821446292426,
    "Penn St. Harrisburg": 2703.3156926383026,
    "Tufts": 2702.52669388382,
    "Piedmont": 2700.703204885218,
    "LaGrange": 2694.182556348933,
    "Wittenberg": 2693.8657505801543,
    "Hendrix": 2693.674453908686,
    "Berry": 2692.867388328077,
    "Whitman": 2691.66872392339,
    "Rowan": 2687.818825462272,
    "Spalding": 2684.8565449360476,
    "Lewis & Clark": 2682.945006245922,
    "WashU": 2682.860674352443,
    "Buena Vista": 2678.2635306098387,
    "Middlebury": 2677.6633799337433,
    "Catholic": 2676.981012856631,
    "Maryville (TN)": 2676.069659925121,
    "Texas-Dallas": 2671.471279951111,
    "Colby": 2671.2699898076908,
    "Otterbein": 2670.1765715631177,
    "Eastern Conn. St.": 2669.6778498769713,
    "Mary Washington": 2668.902266813846,
    "Elizabethtown": 2668.708170727752,
    "Texas Lutheran": 2665.045693336051,
    "Lindenwood": 2662.045704775066,
    "Roanoke": 2659.374496363019,
    "Augustana (IL)": 2657.781357615567,
    "Concordia (TX)": 2656.4134947835255,
    "George Fox": 2653.784459657033,
    "Montclair St.": 2651.3987710799233,
    "Whitworth": 2650.7458829206576,
    "Ithaca": 2649.857895493917,
    "Benedictine (IL)": 2649.5865206065123,
    "Huntingdon": 2648.9594735153178,
    "Adrian": 2645.913273037262,
    "Belhaven": 2645.131887434363,
    "Wis.-Oshkosh": 2644.865791459533,
    "Babson": 2643.0378392523307,
    "Webster": 2642.7843187643916,
    "Kalamazoo": 2640.696814567945,
    "Coe": 2640.3633651729565,
    "Centenary (LA)": 2640.3387716388943,
    "Kean": 2638.570670089131,
    "Southwestern (TX)": 2638.112196251252,
    "Puget Sound": 2636.0246871401946,
    "Wash. & Jeff.": 2635.1782824348156,
    "Millikin": 2631.8944711322265,
    "Linfield": 2631.782115343243,
    "Mount Union": 2631.757757455106,
    "Bethel (MN)": 2631.4611749909964,
    "Ohio Northern": 2631.06878074982,
    "Fairleigh Dickinson-FDU": 2627.322085119875,
    "Scranton": 2627.3220638746425,
    "Pacific Lutheran": 2624.8667633276345,
    "Transylvania": 2624.551380769007,
    "Dickinson": 2623.3930979472407,
    "Mitchell": 2622.23958783546,
    "Dubuque": 2620.7999878129067,
    "Immaculata": 2619.3265917152103,
    "Luther": 2615.3512909552824,
    "Amherst": 2614.540192099077,
    "Redlands": 2613.968764491024,
    "Marymount (VA)": 2613.4686593390848,
    "Loras": 2608.6236582860715,
    "UMass Boston": 2605.935780477906,
    "Methodist": 2605.8394997652304,
    "North Central (IL)": 2605.7885652535674,
    "Wabash": 2599.8854491298343,
    "Ramapo": 2599.0949414222014,
    "TCNJ": 2598.595408525942,
    "Bridgewater (VA)": 2597.086791592813,
    "Messiah": 2596.7987482111207,
    "Gust. Adolphus": 2596.7132436340817,
    "JWU (Providence)": 2595.646628412216,
    "MSOE": 2595.6038460880523,
    "Heidelberg": 2592.499458627076,
    "Susquehanna": 2590.965066346985,
    "Rutgers-Camden": 2589.0203274590262,
    "NYU": 2587.500432832852,
    "Lebanon Valley": 2585.5648978138693,
    "Pfeiffer": 2585.012720020913,
    "Millsaps": 2584.6132562512657,
    "Stevens": 2584.427909412731,
    "Oswego St.": 2581.115123696946,
    "Mary Hardin-Baylor": 2580.951830761293,
    "Guilford": 2580.1702592849583,
    "Rochester (NY)": 2576.9530308495846,
    "Covenant": 2576.4333999710425,
    "Trinity (CT)": 2576.4330826393866,
    "John Carroll": 2575.64350987887,
    "Franklin & Marshall": 2575.2727696128113,
    "Hanover": 2574.9117496920076,
    "Franklin": 2574.237353889956,
    "SUNY Brockport": 2574.0559694613275,
    "Stockton": 2570.621938765223,
    "Whittier": 2570.121514513184,
    "Swarthmore": 2569.8807187088883,
    "Sewanee": 2568.4098761671476,
    "Keystone": 2566.8738592913137,
    "Hampden-Sydney": 2566.800400226838,
    "Wash. & Lee": 2566.788333351849,
    "Rose-Hulman": 2565.9414950395158,
    "Alvernia": 2565.245179219162,
    "Cabrini": 2565.003645531159,
    "Kenyon": 2563.972517406262,
    "Greensboro": 2561.4349886219875,
    "Beloit": 2561.3696918261576,
    "Wooster": 2556.864123064459,
    "Hardin-Simmons": 2556.451587195997,
    "Ill. Wesleyan": 2556.182768946491,
    "DePauw": 2554.874111162921,
    "Alma": 2554.8584611393594,
    "Grove City": 2553.184634669083,
    "York (PA)": 2553.093085654458,
    "North Park": 2552.7934377753554,
    "McDaniel": 2551.980595391972,
    "St. Joseph's (L.I.)": 2551.5027777566543,
    "Rhode Island Col.": 2550.6982559344488,
    "Kentucky St.": 2550.2140845234126,
    "Haverford": 2550.114929375667,
    "Oglethorpe": 2550.088469956541,
    "Asbury": 2549.9436912262577,
    "Brevard": 2549.7367668241027,
    "Muskingum": 2547.9586192185557,
    "St. Thomas (TX)": 2546.871148691381,
    "Wm. Paterson": 2546.3000755798193,
    "MIT": 2544.928708973622,
    "St. Olaf": 2544.846518338004,
    "Rensselaer": 2542.9513828807094,
    "Anderson (IN)": 2542.579942297162,
    "Saint John's (MN)": 2539.6754192186427,
    "Lawrence": 2532.3948262055405,
    "Wis.-Parkside": 2532.312354777887,
    "UChicago": 2531.173983602984,
    "McMurry": 2530.9505960885654,
    "Ohio Wesleyan": 2530.742511685391,
    "Wartburg": 2529.948539531449,
    "Edgewood": 2529.8154641980877,
    "Southern Me.": 2529.2377603773257,
    "Allegheny": 2527.498825907335,
    "Wesleyan (CT)": 2527.311406927705,
    "Hope": 2526.828573628452,
    "Roger Williams": 2525.3239921767304,
    "IIT": 2525.310906701403,
    "William Peace": 2525.0637167046634,
    "Coast Guard": 2524.8555464664164,
    "Dallas": 2524.7502208996125,
    "Lyon": 2524.329268386192,
    "Western New Eng.": 2524.207122047159,
    "St. John Fisher": 2523.689618322998,
    "LeTourneau": 2522.0405540935944,
    "Bowdoin": 2521.7879746833933,
    "DeSales": 2521.6569473660525,