{
    "Middlebury": 3838.8380105407086,
    "Wesleyan (CT)": 3577.2672314050687,
    "Tufts": 3572.563276448353,
    "Wash. & Lee": 3515.4539561978945,
    "Franklin & Marshall": 3508.871268249094,
    "Salisbury": 3488.6426111547257,
    "Gettysburg": 3449.2058046346633,
    "Colby": 3434.2620397550136,
    "Lee": 3398.8616405426305,
    "Alabama Huntsville": 3398.743106535116,
    "William Smith": 3394.449580932676,
    "York (PA)": 3352.3964153439806,
    "Trinity (CT)": 3347.677216798012,
    "Amherst": 3327.2223761381915,
    "TCNJ": 3312.8055638088817,
    "Williams": 3310.7833811300566,
    "Ithaca": 3288.82434200711,
    "Roanoke": 3270.1181795911216,
    "Pomona-Pitzer": 3265.12533130602,
    "Bowdoin": 3230.2407629091667,
    "Haverford": 3225.2014796195886,
    "Hamilton": 3211.925229818924,
    "Babson": 3206.853993188185,
    "Chris. Newport": 3203.0163193569438,
    "MIT": 3197.8449027739834,
    "Stevens": 3189.1067991742975,
    "Washington Col.": 3142.2931471833426,
    "St. John Fisher": 3137.2035866428687,
    "Messiah": 3136.8020926340205,
    "Cortland": 3134.9062977850836,
    "Shenandoah": 3130.596684378469,
    "Connecticut Col.": 3127.4572648947496,
    "Denison": 3120.370831365593,
    "UChicago": 3119.6684137236916,
    "Catholic": 3110.8306262421734,
    "Union (NY)": 3102.4784314865888,
    "Dickinson": 3092.3705896434913,
    "Scranton": 3087.2666543284117,
    "SUNY Geneseo": 3075.9239412451543,
    "Bates": 3070.387537650405,
    "Muhlenberg": 3065.5229737555405,
    "Colorado Col.": 3052.1853330285344,
    "Rensselaer": 3049.0287262128104,
    "Roger Williams": 3024.8214623200565,
    "Springfield": 3023.538958476551,
    "Mary Washington": 3021.7918211691626,
    "Rowan": 3021.349987690642,
    "Cabrini": 3008.707931803611,
    "St. Mary's (MD)": 3001.813316207258,
    "Kenyon": 2997.3793681057437,
    "Claremont-M-S": 2991.2531628609227,
    "St. Lawrence": 2990.824014585276,
    "Skidmore": 2975.75439421885,
    "Rhodes": 2974.070346422185,
    "Endicott": 2970.205621136214,
    "Rochester (NY)": 2956.0080526924276,
    "Stevenson": 2955.8667511682447,
    "Stockton": 2939.4332456277098,
    "Westfield St.": 2936.249973033392,
    "Swarthmore": 2925.268550577774,
    "Ursinus": 2909.8198561571044,
    "Juniata": 2890.074425720199,
    "Susquehanna": 2889.50288420439,
    "Widener": 2885.1259902371858,
    "Clarkson": 2878.5723545006435,
    "Ohio Wesleyan": 2876.583468936879,
    "Moravian": 2873.498050091088,
    "Coast Guard": 2873.3004235083235,
    "Randolph-Macon": 2869.2373084667834,
    "SUNY Brockport": 2866.9621922961933,
    "Capital": 2858.9009977927385,
    "WestConn": 2853.4585908228005,
    "Vassar": 2848.158022917369,
    "Oswego St.": 2847.694269480862,
    "George Fox": 2826.168268278136,
    "Mount Union": 2820.8315973916983,
    "RIT": 2812.9263365079355,
    "Drew": 2807.973179194565,
    "SUNY New Paltz": 2807.008727019332,
    "DePauw": 2797.559515951096,
    "Framingham St.": 2792.975261323486,
    "Utica": 2789.16239499833,
    "Plymouth St.": 2788.869901386209,
    "Nazareth": 2781.8140451473305,
    "Wooster": 2778.418283642761,
    "Lebanon Valley": 2773.096174466897,
    "Northern Mich.": 2771.6188129243887,
    "Merchant Marine": 2770.983511238903,
    "Lynchburg": 2768.994858463916,
    "Meredith": 2765.355133046929,
    "McDaniel": 2735.4043142601427,
    "Misericordia": 2734.897170077137,
    "JWU (Providence)": 2729.7711740548752,
    "Chapman": 2713.634062732178,
    "Wheaton (MA)": 2711.164629588399,
    "Hope": 2705.1110624136127,
    "Marymount (VA)": 2704.9857795517814,
    "Carroll (WI)": 2696.7650251152804,
    "Lewis": 2695.3588952295086,
    "Smith": 2692.338964286157,
    "Montevallo": 2663.7365503864685,
    "Western New Eng.": 2661.9781393088897,
    "Kean": 2661.896599190649,
    "Shorter": 2661.1237234423124,
    "Berry": 2660.711488031301,
    "Wash. & Jeff.": 2652.3599871365723,
    "Fort Lewis": 2645.3237816317287,
    "Hartwick": 2640.186803211825,
    "Montclair St.": 2638.53617517241,
    "FDU-Florham": 2636.718366845445,
    "SUNY Oneonta": 2635.301073138871,
    "Hood": 2627.6313235869047,
    "Aurora": 2617.184890102443,
    "Davis & Elkins": 2616.5664615804035,
    "Marywood": 2615.8569652087713,
    "Otterbein": 2615.1082940019746,
    "Daemen": 2614.8506561509193,
    "Salve Regina": 2614.5284210290706,
    "Bridgewater (VA)": 2613.7587157176076,
    "Oberlin": 2608.8173871058275,
    "Oglethorpe": 2603.7891280901,
    "Alvernia": 2599.745108176936,
    "Albright": 2599.7416261211183,
    "Occidental": 2594.546659668904,
    "UW-River Falls": 2587.598430046497,
    "Arcadia": 2587.5702471933982,
    "Centre": 2585.0092759078816,
    "Keene St.": 2580.8201021982386,
    "Worcester St.": 2579.1324137859883,
    "St. Joseph's (ME)": 2576.8126672008966,
    "SUNY Maritime": 2576.064837650131,
    "Sewanee": 2573.7110744183638,
    "Willamette": 2568.9022530380894,
    "Bridgewater St.": 2568.7014730959154,
    "Plattsburgh St.": 2567.837977138008,
    "Dominican": 2567.133116506713,
    "DeSales": 2567.0780211306055,
    "Wis.-La Crosse": 2565.9362660958413,
    "John Carroll": 2561.6683974013636,
    "Methodist": 2560.2816983496,
    "Medaille": 2555.269884680306,
    "Allegheny": 2554.7340711324523,
    "Carthage": 2550.8260890771494,
    "Lycoming": 2548.3103909137544,
    "Hartford": 2547.4217526536813,
    "Neumann": 2540.807936724344,
    "Farmingdale St.": 2534.472783736316,
    "Emmanuel (MA)": 2530.461141611647,
    "Wilmington (DE)": 2529.744562494394,
    "Southwestern (TX)": 2528.0532744250527,
    "SUNY Canton": 2527.423612912203,
    "Elizabethtown": 2520.127052697826,
    "Transylvania": 2517.7940430699055,
    "Southern Me.": 2509.7076149444583,
    "U New England": 2504.4018491749357,
    "Wis.-Eau Claire": 2502.5555169764048,
    "Southern Va.": 2493.4725111443468,
    "Baldwin Wallace": 2492.734179145452,
    "Eastern Conn. St.": 2489.3165863582703,
    "Lake Forest": 2477.256305387801,
    "St. Joseph's (L.I.)": 2474.5161557261467,
    "Bryn Athyn": 2474.380671207758,
    "Immaculata": 2460.2212678534474,
    "Ohio Northern": 2457.690037841546,
    "Buffalo St.": 2454.7449599325896,
    "Saint Benedict": 2447.0765796771916,
    "Ill. Wesleyan": 2445.3578522289,
    "Bryn Mawr": 2444.183183561052,
    "Piedmont": 2443.6832474636462,
    "Whitman": 2432.8772969587453,
    "Simmons": 2430.623627945979,
    "Marietta": 2429.0742891490277,
    "Grove City": 2427.702515961993,
    "Nichols": 2424.146346305165,
    "Redlands": 2411.9093373190385,
    "Fredonia": 2405.0026983816506,
    "Charleston (WV)": 2395.9640342549574,
    "Chatham": 2395.8171200508136,
    "Calvin": 2389.8642315964244,
    "Concordia-St. Paul": 2377.1301852053803,
    "Alma": 2376.6293960117605,
    "Va. Wesleyan": 2374.7796726413226,
    "Colby-Sawyer": 2372.0006468138517,
    "Trine": 2370.6095664608692,
    "Manhattanville": 2364.9820443810822,
    "Russell Sage": 2360.7826416709827,
    "Thomas": 2359.000062591852,
    "Mt. St. Mary (NY)": 2357.3555732636764,
    "Clark (MA)": 2352.328695804413,
    "Whittier": 2349.1383925886826,
    "Wilson": 2348.018565477698,
    "Kalamazoo": 2344.8291478823803,
    "Thomas More": 2342.9138532744682,
    "Albion": 2336.096251584512,
    "Averett": 2335.3101089716647,
    "Whitworth": 2333.177147625385,
    "Southern Wesleyan": 2328.6462419820095,
    "Wellesley": 2318.929440406088,
    "St. Mary's (IN)": 2318.8316627112904,
    "Goucher": 2314.31625141929,
    "SUNY Potsdam": 2311.3411098117326,
    "UMSV": 2309.2719464355423,
    "Ramapo": 2308.71515172247,
    "Saint Joseph (CT)": 2296.4269017607844,
    "Ferrum": 2293.200809125765,
    "UMass Dartmouth": 2288.948059039724,
    "Husson": 2282.4810053293513,
    "Cornell College": 2279.590063858355,
    "Delaware Valley": 2278.425663479559,
    "SUNY Morrisville": 2277.7677581444773,
    "Norwich": 2275.5438203146787,
    "Wittenberg": 2266.8053701098097,