{
    "Salisbury": 3546.226380184113,
    "Tufts": 3536.1818132356348,
    "RIT": 3492.600051198946,
    "Chris. Newport": 3399.621775169727,
    "Middlebury": 3386.625271402515,
    "Union (NY)": 3339.5829297286054,
    "Dickinson": 3328.0828384734796,
    "Rensselaer": 3304.9431619888073,
    "Amherst": 3301.023586746899,
    "St. Lawrence": 3300.43449618968,
    "Bowdoin": 3282.885307282796,
    "Lynn": 3267.5910691874983,
    "Williams": 3262.3496855586004,
    "Gettysburg": 3251.1964008148893,
    "Swarthmore": 3248.7485231740598,
    "Babson": 3247.991610349455,
    "Stevens": 3216.960268036646,
    "Wash. & Lee": 3216.84087307714,
    "Colorado Mesa": 3212.4953933308498,
    "Palm Beach Atl.": 3210.603729140727,
    "Wesleyan (CT)": 3205.2532881374254,
    "Lynchburg": 3201.3089321449156,
    "York (PA)": 3161.271833778243,
    "Hamilton": 3151.7538982904625,
    "Trinity (CT)": 3137.107772678627,
    "Endicott": 3114.36405347218,
    "Stevenson": 3107.7716370650883,
    "Cortland": 3097.0602203581084,
    "Skidmore": 3095.8277694974254,
    "Denison": 3087.236260431968,
    "Muhlenberg": 3084.8921073472916,
    "SUNY Geneseo": 3080.6624575190117,
    "Cabrini": 3074.050919856718,
    "Fla. Southern": 3066.5740613423245,
    "Saint Leo": 3066.166647216479,
    "Connecticut Col.": 3066.04988432311,
    "Clarkson": 3057.653552288242,
    "Florida Tech": 3056.9031595363285,
    "Roanoke": 3042.8179660984338,
    "Hampden-Sydney": 3039.669129943904,
    "Ithaca": 3031.0520345389823,
    "Stockton": 3029.718671740283,
    "Post": 3028.9949394495166,
    "Franklin & Marshall": 3014.1020703383956,
    "MIT": 2991.934502872688,
    "Kenyon": 2991.196691208446,
    "Vassar": 2987.9270665020254,
    "Scranton": 2984.7655530279344,
    "Randolph-Macon": 2983.999870098856,
    "Nazareth": 2982.622308379283,
    "Ursinus": 2975.147799101345,
    "St. John Fisher": 2956.4307402560776,
    "Colby": 2949.668985399354,
    "Western New Eng.": 2945.6512337671115,
    "Springfield": 2931.1318876003234,
    "Washington Col.": 2921.547317039328,
    "Elizabethtown": 2921.315773847798,
    "Grove City": 2919.84010294351,
    "Davenport": 2918.2664450606817,
    "John Carroll": 2892.166655194702,
    "St. Mary's (MD)": 2890.9774771386615,
    "Haverford": 2886.1913147214173,
    "SUNY Maritime": 2884.8748307141,
    "Ohio Wesleyan": 2884.238530930376,
    "DeSales": 2879.4587859932703,
    "WestConn": 2876.871258199424,
    "Kean": 2864.593328594184,
    "Centre": 2848.3322116385125,
    "Messiah": 2841.3338662827896,
    "Eastern": 2832.7120501022223,
    "Roger Williams": 2829.2812482977665,
    "Montclair St.": 2825.481275407049,
    "Ill. Wesleyan": 2820.621283316778,
    "Bates": 2820.3767891087177,
    "Wooster": 2819.256771334687,
    "Baldwin Wallace": 2818.7517694337735,
    "Catholic": 2815.1289516975926,
    "Mary Washington": 2815.0492522306868,
    "Sewanee": 2814.5214856906405,
    "Alfred": 2803.156698120691,
    "Salve Regina": 2801.9716120087496,
    "Colorado Col.": 2787.6854464392045,
    "Farmingdale St.": 2785.814896623964,
    "Elmhurst": 2778.929503240045,
    "Westminster (UT)": 2775.559937522617,
    "Oswego St.": 2756.7145506655697,
    "UMass Boston": 2756.3930832498436,
    "Arcadia": 2748.8481801555904,
    "Merchant Marine": 2748.4128425949,
    "Widener": 2739.8745797696915,
    "Oberlin": 2738.3816215073875,
    "McDaniel": 2736.830454175503,
    "Hope": 2736.361077247091,
    "Coast Guard": 2734.8671305515663,
    "Rhodes": 2732.4830093062587,
    "Hampton": 2732.139417318822,
    "Ohio Northern": 2716.1472074908406,
    "Susquehanna": 2710.109429859565,
    "Birmingham-So.": 2706.317792954878,
    "Nichols": 2705.9531904566,
    "Emerson": 2700.712810875314,
    "Albion": 2697.026107169796,
    "SUNY Oneonta": 2687.6311403851864,
    "North Central (IL)": 2684.3774206935377,
    "Keene St.": 2684.07834547949,
    "Shenandoah": 2662.324741021756,
    "Pfeiffer": 2650.145171934387,
    "Capital": 2649.038281706714,
    "Fairleigh Dickinson-FDU": 2645.846548490781,
    "Plymouth St.": 2645.275713285089,
    "Wittenberg": 2643.7268678563833,
    "Clark (MA)": 2641.378376017507,
    "Saint Vincent": 2634.468041474792,
    "Wentworth": 2633.1133445809564,
    "Berry": 2623.88190514777,
    "Misericordia": 2621.692471485596,
    "Transylvania": 2620.576488074285,
    "Wheaton (MA)": 2609.842433067821,
    "Hartford": 2604.206752572267,
    "SUNY Potsdam": 2603.231467344376,
    "Hartwick": 2601.782178684988,
    "Piedmont": 2597.0356740194816,
    "Lasell": 2594.771328616291,
    "Bridgewater (VA)": 2594.615071418361,
    "Adrian": 2593.8066793999906,
    "Aurora": 2593.0132408206823,
    "Southern Va.": 2572.898411778981,
    "SUNY Brockport": 2563.3732414066008,
    "Lake Forest": 2557.584565362164,
    "Carthage": 2549.7827548447904,
    "Lebanon Valley": 2535.061168045195,
    "Hood": 2534.8279895421924,
    "Emmanuel (MA)": 2527.011905774102,
    "Southwestern (TX)": 2522.067558300545,
    "SUNY New Paltz": 2515.381570196973,
    "Westminster (PA)": 2515.146463701404,
    "Mass. Maritime": 2514.544934802668,
    "Rivier": 2509.911059701239,
    "Moravian": 2504.6864177396455,
    "Guilford": 2500.368824472796,
    "Calvin": 2493.475277956769,
    "Marymount (VA)": 2480.8245212712313,
    "Malone": 2472.742557139852,
    "Allegheny": 2471.32491742089,
    "SUNY Morrisville": 2468.846725090508,
    "Drew": 2466.049302519111,
    "Otterbein": 2465.1390911990256,
    "Chatham": 2446.7258810760736,
    "Saint Joseph (CT)": 2442.914641792283,
    "U New England": 2439.2949852609477,
    "Goucher": 2437.5860398099558,
    "St. Joseph's (ME)": 2436.2956545375855,
    "Utica": 2430.913909006419,
    "Curry": 2413.7290991812606,
    "Lycoming": 2411.4187434497053,
    "Eastern Conn. St.": 2407.168184207471,
    "Penn College": 2405.1129329403084,
    "Maine Maritime": 2402.458590319948,
    "Dean": 2400.0200016683575,
    "Dubuque": 2394.972349668434,
    "DePauw": 2392.3682916362663,
    "Hendrix": 2387.751773151758,
    "IIT": 2369.622833674611,
    "Gordon": 2367.9642281164274,
    "Immaculata": 2365.6795877577965,
    "CSU Pueblo": 2362.902641457556,
    "JWU (Providence)": 2351.5342747196705,
    "Whittier": 2350.771474265692,
    "Gwynedd Mercy": 2345.7394242102855,
    "Lees-McRae": 2340.458120532046,
    "Concordia Wisconsin": 2338.1644665117137,
    "Neumann": 2337.467089050966,
    "Va. Wesleyan": 2329.6416015581704,
    "Marietta": 2329.1999049426713,
    "Plattsburgh St.": 2328.256609019683,
    "Norwich": 2328.13312788235,
    "Quincy": 2325.742197773684,
    "Kalamazoo": 2322.453274163999,
    "Muskingum": 2318.629216150723,
    "Wabash": 2307.636276930389,
    "Davis & Elkins": 2306.4226493746683,
    "Manhattanville": 2306.335421432577,
    "Russell Sage": 2297.427824318334,
    "Albright": 2283.5120720681784,
    "Trine": 2278.837015518495,
    "Keuka": 2274.7802299122404,
    "FDU-Florham": 2266.7866532669586,
    "Tiffin": 2260.3250815526158,
    "Methodist": 2256.8059311353622,
    "SUNY Poly": 2250.1867999342758,
    "MSOE": 2239.234881889351,
    "Delaware Valley": 2236.6004107874687,
    "Mt. St. Mary (NY)": 2229.5402505207417,
    "Mount Union": 2223.6218523331695,
    "Southern Me.": 2222.7283287769014,
    "LaGrange": 2216.5047395867327,
    "Wilkes": 2208.1991306666673,
    "Benedictine (IL)": 2204.1356905293305,
    "SUNY Delhi": 2200.1912215342268,
    "Alvernia": 2199.2317421474086,
    "Castleton": 2186.566715059717,
    "Augustana (IL)": 2176.511401526078,
    "UMSV": 2173.9053379041707,
    "Oglethorpe": 2173.796640154924,
    "Franciscan": 2164.7429562507614,
    "Marywood": 2163.9633687005266,
    "Juniata": 2153.992768444246,
    "Greensboro": 2100.8028909780874,
    "SUNY Canton": 2090.1963959853488,
    "New England Col.": 2065.0373369943736,
    "Elms": 2064.189227235435,
    "Hanover": 2062.9717954255498,
    "William Peace": 2057.5502214131507,
    "VTSU Castleton": 2051.0953752643645,