{
    "Salisbury": 3554.2852159602526,
    "Tufts": 3507.9080864521507,
    "RIT": 3418.764335154299,
    "Chris. Newport": 3367.0678684319805,
    "Rensselaer": 3355.065979793038,
    "Middlebury": 3338.150408413806,
    "Dickinson": 3316.2142899601663,
    "Wesleyan (CT)": 3309.5621731328783,
    "Union (NY)": 3304.6249249920975,
    "Amherst": 3294.138756347285,
    "Bowdoin": 3288.5931200059254,
    "St. Lawrence": 3286.9338297117024,
    "Williams": 3259.1389939709125,
    "Swarthmore": 3239.8706332056827,
    "Lynn": 3236.4939204414213,
    "Babson": 3227.924617332284,
    "Stevens": 3221.8698373794796,
    "Colorado Mesa": 3215.655875732419,
    "Palm Beach Atl.": 3208.731521374095,
    "Lynchburg": 3204.5869374347008,
    "Gettysburg": 3199.537816656635,
    "Wash. & Lee": 3176.680931605651,
    "Hamilton": 3171.0900420364615,
    "Trinity (CT)": 3135.3893683265815,
    "York (PA)": 3127.3563848857707,
    "Muhlenberg": 3108.516799784035,
    "Endicott": 3106.8205853658433,
    "Post": 3100.6178538060008,
    "Denison": 3098.677551348385,
    "Fla. Southern": 3090.650119166851,
    "Saint Leo": 3090.506703451778,
    "Florida Tech": 3088.473522807424,
    "Stevenson": 3082.4374439429557,
    "SUNY Geneseo": 3071.428918670851,
    "Clarkson": 3067.263859080268,
    "Skidmore": 3051.5903313865774,
    "Cabrini": 3048.6591671626284,
    "Cortland": 3046.950027848191,
    "Connecticut Col.": 3036.5216342551003,
    "Ithaca": 3033.966347257338,
    "Roanoke": 3024.079731675952,
    "Stockton": 3023.6749720537323,
    "Hampden-Sydney": 2996.8627114364854,
    "Randolph-Macon": 2990.7406973068832,
    "Vassar": 2987.431981661397,
    "MIT": 2978.6540826986143,
    "St. John Fisher": 2973.360470680756,
    "Franklin & Marshall": 2969.6949275347306,
    "Ursinus": 2967.96409377311,
    "Scranton": 2967.509688393986,
    "Washington Col.": 2956.8038718255643,
    "Kenyon": 2950.9373084354693,
    "Springfield": 2947.5786410650626,
    "Colby": 2945.991842345882,
    "Nazareth": 2940.8093447470887,
    "Western New Eng.": 2935.1568578291854,
    "Davenport": 2924.8500971625067,
    "Elizabethtown": 2904.200819688661,
    "Grove City": 2900.9626527500677,
    "John Carroll": 2897.9343680866327,
    "Kean": 2895.698513362409,
    "DeSales": 2889.694077890257,
    "Ohio Wesleyan": 2884.703198554843,
    "Haverford": 2881.1064288190532,
    "Centre": 2864.6565572067193,
    "St. Mary's (MD)": 2851.17253659348,
    "WestConn": 2850.446626249898,
    "Ill. Wesleyan": 2841.656451512819,
    "SUNY Maritime": 2835.601801279609,
    "Eastern": 2826.846851516393,
    "Messiah": 2824.047045540914,
    "Baldwin Wallace": 2810.641431645131,
    "Mary Washington": 2806.2039842946997,
    "Wooster": 2796.8569603371366,
    "Montclair St.": 2796.598764775748,
    "Roger Williams": 2795.626946470862,
    "Oswego St.": 2794.473160438887,
    "Bates": 2793.2189644405044,
    "Colorado Col.": 2790.887047955506,
    "Sewanee": 2790.491741296794,
    "Farmingdale St.": 2783.9421296502146,
    "Alfred": 2781.6626771261467,
    "Westminster (UT)": 2771.7382534632916,
    "Elmhurst": 2770.9177314301487,
    "Salve Regina": 2766.1398005883084,
    "Catholic": 2760.4864641222234,
    "Hope": 2749.9127516957833,
    "UMass Boston": 2745.7442137771145,
    "Merchant Marine": 2734.2811800844197,
    "McDaniel": 2733.72794082201,
    "Arcadia": 2732.657513918738,
    "Susquehanna": 2727.609047839979,
    "Rhodes": 2726.1493958807987,
    "Oberlin": 2719.5960571310875,
    "Widener": 2719.1606500347243,
    "Hampton": 2717.746810046071,
    "SUNY Oneonta": 2706.32206750759,
    "Coast Guard": 2703.845601283281,
    "Plymouth St.": 2699.8703116774677,
    "Birmingham-So.": 2696.52619337294,
    "Emerson": 2691.7384220050526,
    "Albion": 2690.5881469824985,
    "Ohio Northern": 2690.080156941127,
    "SUNY Potsdam": 2685.9084439346802,
    "Hartford": 2675.828929947836,
    "Nichols": 2668.3986750422955,
    "Clark (MA)": 2665.7178213419425,
    "Wentworth": 2665.063615576637,
    "Shenandoah": 2664.09911803547,
    "North Central (IL)": 2663.6849047734654,
    "Pfeiffer": 2660.136416976095,
    "Fairleigh Dickinson-FDU": 2654.7551549052337,
    "Keene St.": 2643.279285119977,
    "Capital": 2633.6651354427017,
    "Wittenberg": 2632.5480482475728,
    "Misericordia": 2620.344176376849,
    "Berry": 2613.9513595366097,
    "Wheaton (MA)": 2612.7159876965784,
    "Hartwick": 2608.350789122619,
    "Transylvania": 2606.53237825544,
    "Aurora": 2596.96283324394,
    "Bridgewater (VA)": 2592.7307947710483,
    "Piedmont": 2586.184885661728,
    "Saint Vincent": 2582.9309492414022,
    "Adrian": 2569.4367690236963,
    "Hood": 2564.483993833891,
    "Lasell": 2560.1342218116224,
    "SUNY Brockport": 2552.4293804153876,
    "Lake Forest": 2539.9752469227515,
    "Southern Va.": 2535.5264999962474,
    "Lebanon Valley": 2532.441297009646,
    "Carthage": 2530.851097243597,
    "Moravian": 2529.536297101533,
    "Rivier": 2525.5916654361977,
    "SUNY New Paltz": 2519.1930132667485,
    "Allegheny": 2517.676729420895,
    "Southwestern (TX)": 2517.109053746254,
    "Drew": 2512.908027111182,
    "Mass. Maritime": 2506.233588293604,
    "Saint Joseph (CT)": 2505.1711932016774,
    "Marymount (VA)": 2503.5980871517963,
    "Calvin": 2500.058673543935,
    "Emmanuel (MA)": 2497.764264950137,
    "Westminster (PA)": 2494.4840900848335,
    "Guilford": 2489.3616643396035,
    "Dean": 2456.8194002786863,
    "St. Joseph's (ME)": 2456.0711733707835,
    "SUNY Morrisville": 2454.4724146028593,
    "Otterbein": 2447.415681234736,
    "Malone": 2446.034966462182,
    "U New England": 2445.766295753738,
    "Goucher": 2444.312892963123,
    "Utica": 2442.600865831367,
    "Curry": 2430.101566464265,
    "Chatham": 2425.6200298897684,
    "Eastern Conn. St.": 2418.0143831781293,
    "Lycoming": 2403.5508646960425,
    "DePauw": 2391.7286389901674,
    "Dubuque": 2388.2224602237566,
    "Penn College": 2383.9139443758045,
    "Gwynedd Mercy": 2378.849811234911,
    "Hendrix": 2371.737018877395,
    "CSU Pueblo": 2366.070369467694,
    "Immaculata": 2361.5854078638818,
    "Maine Maritime": 2354.233059352962,
    "Russell Sage": 2351.5785740144806,
    "Concordia Wisconsin": 2349.7522151900916,
    "Gordon": 2347.6089380194207,
    "Whittier": 2346.9489454834675,
    "Norwich": 2344.8812595453064,
    "SUNY Poly": 2343.5934343128997,
    "Davis & Elkins": 2342.007677517447,
    "Manhattanville": 2340.836960244377,
    "Neumann": 2338.012770227973,
    "IIT": 2337.3343679336745,
    "Plattsburgh St.": 2334.9731203669944,
    "Lees-McRae": 2333.551023401218,
    "JWU (Providence)": 2329.363266571111,
    "Va. Wesleyan": 2321.7551990052143,
    "Kalamazoo": 2321.5978148197787,
    "Muskingum": 2316.971542111013,
    "Quincy": 2315.7017222347167,
    "Marietta": 2307.4865786167443,
    "Albright": 2296.016796992492,
    "Wabash": 2293.185986816963,
    "Keuka": 2275.634127878784,
    "Tiffin": 2266.441001114509,
    "Methodist": 2265.971860773389,
    "Mt. St. Mary (NY)": 2255.322572416218,
    "Trine": 2250.6189893138603,
    "Delaware Valley": 2236.1803328876094,
    "Wilkes": 2225.5136774856496,
    "FDU-Florham": 2224.8410234045177,
    "SUNY Delhi": 2216.7955203887927,
    "MSOE": 2213.0677810491366,
    "Mount Union": 2206.395766311025,
    "Southern Me.": 2203.6829286841607,
    "Benedictine (IL)": 2203.6138389841612,
    "Castleton": 2201.8982536372832,
    "LaGrange": 2201.5812707562145,
    "Alvernia": 2198.3947341644457,
    "Augustana (IL)": 2179.008078212261,
    "Oglethorpe": 2175.88864215947,
    "Marywood": 2172.7042206254064,
    "Franciscan": 2166.1032449495638,
    "Juniata": 2156.1517097199167,
    "UMSV": 2145.690211165193,
    "VTSU Castleton": 2133.495952693026,
    "King's (PA)": 2123.3534161033404,
    "Greensboro": 2106.0397589670984,
    "SUNY Canton": 2098.3670776562735,
    "New England Col.": 2097.4852501437604,
    "Hanover": 2076.6975443900355,