{
    "Oglethorpe": 1415.6923847043145,
    "Shorter": 1497.4982745485588,
    "Salisbury": 1875.0450151379941,
    "Berry": 1481.7268170915681,
    "Hendrix": 1424.4941470270815,
    "Centenary (LA)": 1364.1959741961766,
    "Piedmont": 1576.7872005981837,
    "Birmingham-So.": 1542.0734404480609,
    "LaGrange": 1468.2637942062674,
    "Centre": 1648.163017256384,
    "Hanover": 1478.4212951456566,
    "Cornell College": 1400.7729259126504,
    "Roanoke": 1558.689461150693,
    "FDU-Florham": 1427.2903443049643,
    "Albright": 1337.5874902319376,
    "Drew": 1430.7946991780475,
    "Neumann": 1416.423898781224,
    "Mary Washington": 1448.7575506934145,
    "Randolph-Macon": 1596.2753530263872,
    "Lynchburg": 1643.436716286486,
    "Ferrum": 1379.4090470807998,
    "St. Mary's (MD)": 1635.804231266681,
    "Southern Va.": 1542.9572977686669,
    "Randolph": 1330.3020640057962,
    "Warren Wilson": 1358.8392770835303,
    "Sewanee": 1598.740854083861,
    "Transylvania": 1463.7672220946968,
    "Guilford": 1479.3069661830827,
    "Greensboro": 1400.6409463949617,
    "Huntingdon": 1416.3951024477537,
    "Wheaton (MA)": 1421.5232764408793,
    "Anna Maria": 1322.6535536323408,
    "Catholic": 1457.367807623118,
    "Stevens": 1707.0340328664693,
    "Wabash": 1463.2970447580606,
    "Anderson (IN)": 1515.558413088781,
    "Susquehanna": 1522.2496814801325,
    "Wilkes": 1366.9282489213201,
    "WestConn": 1648.7493577335547,
    "SUNY Maritime": 1619.9212254773531,
    "Brevard": 1356.8653669434552,
    "Marymount (VA)": 1494.6507497415168,
    "SUNY Delhi": 1504.6767831962597,
    "Ill. Wesleyan": 1679.4612699707316,
    "Spalding": 1282.7185585314328,
    "Colorado Mesa": 1518.5303479850768,
    "Colorado Col.": 1554.4912944167233,
    "Washington Col.": 1480.2317716771004,
    "Eastern": 1513.8710430960318,
    "Endicott": 1620.2386646034463,
    "Keene St.": 1540.1702210179926,
    "Southwestern (TX)": 1484.48481358351,
    "Ohio Northern": 1582.5299483852637,
    "Alma": 1353.0451969121532,
    "Nichols": 1531.994327561598,
    "Emerson": 1394.6127296822342,
    "IIT": 1564.8276029513427,
    "Hampden-Sydney": 1616.748785767888,
    "Cabrini": 1636.7449194776568,
    "Haverford": 1453.9277785947593,
    "William Peace": 1478.9942885367639,
    "Bethany (WV)": 1403.170330704202,
    "Aurora": 1646.8890252093265,
    "Dubuque": 1536.0186413142897,
    "Wash. & Lee": 1705.2075315753991,
    "York (PA)": 1664.9353010427342,
    "Albion": 1637.1252444264505,
    "Otterbein": 1448.9925912748638,
    "U New England": 1454.8915947414046,
    "Ursinus": 1482.2395183606354,
    "Stevenson": 1573.3953675493908,
    "Chris. Newport": 1744.1691402817983,
    "Grove City": 1572.5246957407958,
    "Scranton": 1625.8527516172294,
    "Mount Union": 1438.5164312469074,
    "Thiel": 1426.238171200613,
    "RIT": 1791.3090021015832,
    "Muhlenberg": 1580.192565926673,
    "Shenandoah": 1501.9831717771071,
    "Franklin & Marshall": 1525.3459277448228,
    "Lebanon Valley": 1470.5093386036451,
    "Gettysburg": 1625.4543562093938,
    "DeSales": 1548.8636145414384,
    "Russell Sage": 1430.7144211604907,
    "Lycoming": 1420.8666154896853,
    "Babson": 1628.5707281347704,
    "Roger Williams": 1526.1358750167913,
    "Penn College": 1538.829898907455,
    "Dickinson": 1720.1678734766308,
    "Goucher": 1407.7864249184888,
    "Methodist": 1455.4712431145535,
    "Va. Wesleyan": 1428.896721055753,
    "Swarthmore": 1647.0625899340073,
    "Widener": 1514.6496951596275,
    "Wilmington (OH)": 1343.3688319465268,
    "Messiah": 1541.053009284588,
    "McDaniel": 1448.5926687688134,
    "Denison": 1703.518612419506,
    "Baldwin Wallace": 1689.6369126806242,
    "Nazareth": 1530.454482678532,
    "Springfield": 1457.9272828204628,
    "Salve Regina": 1557.4091163011767,
    "UMass Boston": 1573.8902913463546,
    "Saint Vincent": 1661.714418780091,
    "Ohio Wesleyan": 1616.2048872197058,
    "Juniata": 1338.4626919902807,
    "Coast Guard": 1447.5677999977845,
    "Rensselaer": 1554.3215678132144,
    "Concordia Wisconsin": 1561.8659239701624,
    "Monmouth (IL)": 1323.5768093674255,
    "Lake Forest": 1605.4552466622793,
    "Carroll (WI)": 1338.7734483255542,
    "Calvin": 1458.377260382364,
    "Augustana (IL)": 1431.8184044944499,
    "Averett": 1370.896748909027,
    "Moravian": 1482.0434937307687,
    "Centenary (NJ)": 1278.4787267829408,
    "Alvernia": 1371.8306363386225,
    "Rosemont": 1458.5168968939388,
    "Oberlin": 1519.9475652270812,
    "Chatham": 1446.7004832238638,
    "Earlham": 1418.6032082344507,
    "Concordia Chicago": 1289.6582048133362,
    "Cobleskill St.": 1529.8893205255317,
    "Cairn": 1474.5802421345645,
    "Manhattanville": 1466.0902143985318,
    "Carthage": 1565.5527667739354,
    "Marian (WI)": 1492.8427273617463,
    "Immaculata": 1505.981327675689,
    "Rhodes": 1584.1643544923952,
    "Elmhurst": 1559.1934072889912,
    "Kean": 1538.9132000346058,
    "Skidmore": 1578.4343472602534,
    "Western New Eng.": 1577.2254189712285,
    "St. Joseph's (ME)": 1545.4020909926737,
    "Stockton": 1589.6518252711899,
    "Hood": 1506.0612624478817,
    "Pfeiffer": 1686.2632275818798,
    "Trine": 1532.2898164710605,
    "Mt. St. Joseph": 1359.2879950928047,
    "Wooster": 1617.7281938279104,
    "Westminster (PA)": 1558.6954626631448,
    "Wash. & Jeff.": 1464.307913578039,
    "La Roche": 1314.060826313201,
    "New England Col.": 1421.2263095369933,
    "Marietta": 1426.4527633368514,
    "Dean": 1558.4872909787243,
    "Mitchell": 1278.398374577949,
    "Wentworth": 1389.3092858482391,
    "Gwynedd Mercy": 1481.6448723394296,
    "SUNY New Paltz": 1524.7532720584468,
    "King's (PA)": 1276.8756675620648,
    "Kenyon": 1675.4901484115712,
    "Saint Joseph (CT)": 1546.4039229971784,
    "Curry": 1411.1367954765196,
    "SUNY Morrisville": 1558.1940376935115,
    "Utica": 1453.550036249497,
    "Marywood": 1427.7813811430024,
    "Adrian": 1522.5054536178118,
    "Clark (MA)": 1431.5890907687533,
    "Montclair St.": 1544.5216170670728,
    "Vassar": 1466.2127959715608,
    "Elizabethtown": 1612.7145436646895,
    "Arcadia": 1462.4265194475556,
    "Muskingum": 1469.5809201634604,
    "Delaware Valley": 1409.702251309084,
    "Gordon": 1363.1332783370462,
    "Allegheny": 1496.5629305682953,
    "Hiram": 1398.1249201878147,
    "DePauw": 1476.4528160666841,
    "Kalamazoo": 1488.55398132528,
    "Albertus Magnus": 1471.9220746916938,
    "Salem St.": 1282.5603976740845,
    "MIT": 1571.8989507374472,
    "Whittier": 1389.704694694733,
    "North Central (IL)": 1563.4567483127132,
    "Benedictine (IL)": 1422.1471118183701,
    "Alfred": 1580.334897638254,
    "SUNY Brockport": 1415.6531323212416,
    "Lasell": 1574.457859862168,
    "Merchant Marine": 1574.7040836879191,
    "Heidelberg": 1392.8575388695804,
    "Purchase": 1432.7163775394358,
    "Franciscan": 1463.8349323057819,
    "Capital": 1613.151988923612,
    "Northwestern-St. Paul": 1403.3682445176112,
    "SUNY Geneseo": 1653.703816944664,
    "Bates": 1341.26533116928,
    "Fairleigh Dickinson-FDU": 1499.900089450785,
    "Beloit": 1337.3208408713156,
    "Misericordia": 1516.7558634337795,
    "Hope": 1625.861212150556,
    "Wittenberg": 1505.1311793949158,
    "Mt. St. Mary (NY)": 1455.60749927114,
    "Hilbert": 1403.324698405011,
    "VTSU Castleton": 1463.4939849098544,
    "SUNY Oneonta": 1490.3390886944921,
    "MCLA": 1436.4487628862473,
    "Northland": 1449.1452325093612,
    "Union (NY)": 1596.3366730145829,
    "Lynn": 1518.5303479850768,
    "Farmingdale St.": 1615.6067198097371,
    "Wells": 1400.250444953341,
    "Maine Maritime": 1642.462298766438,
    "Southern Me.": 1385.185993340287,
    "Bridgewater (VA)": 1497.3409717860106,
    "Emmanuel (MA)": 1652.2808513342056,
    "Plymouth St.": 1625.8773266602786,
    "Eastern Conn. St.": 1423.8077046416972,
    "Ithaca": 1481.2752149934922,
    "MSOE": 1506.5642850961783,
    "Edgewood": 1426.9947779867175,