{
    "Tufts": 3330.5410196157895,
    "Salisbury": 3288.075492073141,
    "RIT": 3249.097180995908,
    "Middlebury": 3239.9484626572453,
    "Chris. Newport": 3222.525223114581,
    "Dickinson": 3112.6874175759376,
    "Amherst": 3103.791911195641,
    "Gettysburg": 3084.4965497338053,
    "Union (NY)": 3077.352643947293,
    "Bowdoin": 3066.713690673274,
    "Williams": 3054.701615229408,
    "Swarthmore": 3044.9608566147267,
    "Colorado Mesa": 3043.2615339425306,
    "York (PA)": 3032.41951974066,
    "Babson": 3029.9284633114694,
    "St. Lawrence": 3025.7228188451145,
    "Wash. & Lee": 3024.0554749352546,
    "Lynchburg": 3020.5329053016167,
    "Lynn": 3002.1213190632334,
    "Stevens": 2998.676541555288,
    "Rensselaer": 2991.3843776266153,
    "Muhlenberg": 2982.8157402036686,
    "Denison": 2971.855738825105,
    "Fla. Southern": 2969.2391486732345,
    "Clarkson": 2959.3003009722215,
    "Wesleyan (CT)": 2958.2008563943946,
    "SUNY Geneseo": 2949.7914016172354,
    "Hamilton": 2943.6019175854567,
    "Cortland": 2941.9994315763397,
    "Trinity (CT)": 2941.964055145634,
    "Cabrini": 2936.642174570237,
    "Connecticut Col.": 2930.051630780131,
    "Stevenson": 2921.8028750712006,
    "Franklin & Marshall": 2921.3965131516043,
    "Kenyon": 2920.1800190226163,
    "MIT": 2918.4914168736645,
    "Skidmore": 2916.5164214840675,
    "Stockton": 2916.373100775649,
    "Endicott": 2892.2052483426673,
    "Ithaca": 2889.265401691678,
    "Hampden-Sydney": 2887.8419584980675,
    "Ursinus": 2886.561702137077,
    "Scranton": 2876.546649644267,
    "Washington Col.": 2874.358140769148,
    "John Carroll": 2862.81733246855,
    "Roanoke": 2844.171033451355,
    "Elizabethtown": 2841.7810805618783,
    "St. John Fisher": 2835.638072238441,
    "Springfield": 2830.229397512439,
    "Baldwin Wallace": 2826.820663067824,
    "Florida Tech": 2825.8095860732724,
    "Western New Eng.": 2820.7745037509294,
    "Haverford": 2798.8650197615057,
    "SUNY Maritime": 2797.641725795746,
    "Vassar": 2795.5410229366157,
    "Kean": 2791.8201076608443,
    "Nazareth": 2791.650914386253,
    "Randolph-Macon": 2788.6674418032444,
    "WestConn": 2787.6895280589133,
    "Montclair St.": 2785.5227802692293,
    "Ohio Wesleyan": 2785.082639359511,
    "St. Mary's (MD)": 2779.840356084,
    "Colby": 2768.318835899974,
    "Widener": 2761.45351152873,
    "Coast Guard": 2756.096870936549,
    "Wooster": 2754.2361643861104,
    "Eastern": 2752.429766520314,
    "DeSales": 2747.583268111572,
    "Grove City": 2739.365114595208,
    "Salve Regina": 2737.3987401304685,
    "Colorado Col.": 2726.2690452386287,
    "Centre": 2723.003699051916,
    "Ill. Wesleyan": 2719.5332933308396,
    "Merchant Marine": 2713.7985196507034,
    "Messiah": 2713.389551651058,
    "Alfred": 2712.4438860471637,
    "Catholic": 2711.094369317024,
    "Mary Washington": 2703.8065170838086,
    "Albion": 2703.4723400122466,
    "Oswego St.": 2699.937352928135,
    "Sewanee": 2695.8099503918093,
    "Westminster (UT)": 2690.8312232032868,
    "Capital": 2687.338672565551,
    "Roger Williams": 2686.634084374141,
    "Farmingdale St.": 2685.1288097659444,
    "McDaniel": 2682.1238161373903,
    "Bates": 2680.179833532,
    "Rhodes": 2667.1840758311505,
    "Pfeiffer": 2664.717905459723,
    "UMass Boston": 2659.876406604294,
    "Keene St.": 2657.419362616891,
    "Ohio Northern": 2656.9977109070555,
    "Saint Vincent": 2653.6582646756387,
    "Clark (MA)": 2652.246640475514,
    "SUNY Oneonta": 2651.7730480797322,
    "Oberlin": 2649.635966899042,
    "Hope": 2645.4830339928953,
    "Hampton": 2641.038539842138,
    "Nichols": 2634.1092578508565,
    "Plymouth St.": 2618.0817149889867,
    "Emerson": 2615.0073831561963,
    "SUNY New Paltz": 2612.5746136023427,
    "North Central (IL)": 2612.5303455539292,
    "Elmhurst": 2611.676440856669,
    "Bridgewater (VA)": 2607.657265372003,
    "Fairleigh Dickinson-FDU": 2604.770856530695,
    "Emmanuel (MA)": 2602.5843154986264,
    "Arcadia": 2601.7798605280527,
    "Misericordia": 2595.1364376713514,
    "Birmingham-So.": 2589.560719170675,
    "Shenandoah": 2588.7145379371327,
    "SUNY Morrisville": 2584.8063480892997,
    "Hartwick": 2580.9497241571457,
    "Susquehanna": 2580.0589358760153,
    "Wittenberg": 2578.3137815155737,
    "Adrian": 2571.617924089504,
    "Southern Va.": 2571.1640257010404,
    "Malone": 2567.3651133301632,
    "Hood": 2566.845310946766,
    "SUNY Brockport": 2564.2991550409015,
    "Hartford": 2555.2637274994245,
    "SUNY Potsdam": 2554.233220771508,
    "Lasell": 2550.7069052779693,
    "Rivier": 2549.950984258097,
    "Lebanon Valley": 2547.9259740038415,
    "Aurora": 2540.60765382465,
    "Transylvania": 2538.9566124617227,
    "Westminster (PA)": 2538.523949021827,
    "Carthage": 2525.171540511234,
    "Berry": 2524.185398696109,
    "Mass. Maritime": 2518.4017026348706,
    "Piedmont": 2510.722705346722,
    "Wentworth": 2508.817074226413,
    "Wheaton (MA)": 2505.0353811183163,
    "Southwestern (TX)": 2503.179778350073,
    "Guilford": 2498.1518945862745,
    "U New England": 2485.4350054640895,
    "Penn College": 2478.328266929464,
    "Moravian": 2474.070790373333,
    "Marymount (VA)": 2466.7848474939356,
    "Otterbein": 2464.401813978592,
    "St. Joseph's (ME)": 2464.0779399427574,
    "Utica": 2453.1502438911943,
    "Saint Joseph (CT)": 2448.5903550619705,
    "Curry": 2445.483968791382,
    "Allegheny": 2443.8488435936893,
    "Dean": 2434.379768714528,
    "Lake Forest": 2433.9150519292994,
    "Eastern Conn. St.": 2433.2987728065923,
    "Lycoming": 2432.315284054683,
    "Drew": 2424.0189323149516,
    "Va. Wesleyan": 2411.8433954697603,
    "CSU Pueblo": 2409.27653355103,
    "Mt. St. Mary (NY)": 2404.953906420111,
    "Chatham": 2401.1972153595357,
    "Maine Maritime": 2400.4413616385627,
    "FDU-Florham": 2394.4759566610537,
    "DePauw": 2389.934519160896,
    "Calvin": 2383.52509214198,
    "Plattsburgh St.": 2381.42088210071,
    "Gwynedd Mercy": 2379.2549624958806,
    "Hendrix": 2377.1712124225205,
    "IIT": 2375.7301728154594,
    "Muskingum": 2374.9301637255394,
    "Immaculata": 2374.304445000148,
    "Goucher": 2373.9758244756254,
    "Whittier": 2373.8387409721677,
    "JWU (Providence)": 2373.733554647733,
    "Mount Union": 2357.0956287658787,
    "Dubuque": 2351.0505390777234,
    "Trine": 2341.58335635997,
    "Delaware Valley": 2336.4745516512967,
    "Gordon": 2335.32210043627,
    "Marietta": 2331.5228757895743,
    "Kalamazoo": 2330.959023777175,
    "Quincy": 2329.8961944311955,
    "Methodist": 2326.932638465756,
    "Neumann": 2324.0547490434305,
    "Wabash": 2324.046045130448,
    "Norwich": 2316.495840391456,
    "Concordia Wisconsin": 2314.5975232918463,
    "Russell Sage": 2313.790898391637,
    "Alvernia": 2312.5702339519885,
    "Keuka": 2310.716100621659,
    "LaGrange": 2304.80363852807,
    "Manhattanville": 2303.82869083498,
    "Marywood": 2293.4707207460924,
    "MSOE": 2292.918588999285,
    "William Peace": 2289.229010725479,
    "SUNY Poly": 2289.191588212202,
    "Albright": 2286.937093480641,
    "Southern Me.": 2281.9615967338796,
    "Juniata": 2278.6394617282112,
    "Oglethorpe": 2269.7964398775575,
    "Wilkes": 2269.1392920782355,
    "Augustana (IL)": 2266.219235615246,
    "Thiel": 2250.3726142246646,
    "Albertus Magnus": 2244.495359254373,
    "Castleton": 2236.306491809849,
    "Greensboro": 2235.9102045536133,
    "Benedictine (IL)": 2224.6440278150326,
    "Franciscan": 2221.87811223332,
    "SUNY Delhi": 2214.58541532976,
    "Averett": 2197.740195146137,
    "Anna Maria": 2192.900984651882,
    "Hanover": 2190.0997391028573,
    "Ferrum": 2189.204762317457,
    "VTSU Castleton": 2175.2240586272524,
    "Alma": 2169.514158736736,
    "Wash. & Jeff.": 2166.204329714663,
    "Heidelberg": 2165.4611175506398,
    "Purchase": 2157.5119011007864,
    "New England Col.": 2149.7551124898146,
    "Hiram": 2147.8943961928017,